{"episode": [0, 1, 2, 3, 4, 5, 6, 7, 8, 9, 10, 11, 12, 13, 14, 15, 16, 17, 18, 19], "rewards": [-344.39093191607367, -310.54469364666784, -304.9140517233735, -327.1998937995489, -332.03975211296466, -778.2294669202254, -271.8744831686057, -240.18016610053027, -227.28363554697748, -222.95962416397006, -223.83650504844005, -212.03410106414873, -215.99592020018272, -232.53333895155342, -211.33724712074937, -192.41951354986173, -207.68315297378382, -194.5783714342179, -214.37012053555085, -186.882050667331]}