{"episode": [0, 1, 2, 3, 4, 5, 6, 7, 8, 9, 10, 11, 12, 13, 14, 15, 16, 17, 18, 19], "rewards": [-402.64144552503654, -361.9044746138146, -376.28506082057663, -369.6027125545941, -377.1502913011668, -441.820030659034, -217.834945738422, -224.4486948590965, -213.22227445027883, -201.48736619700932, -206.6319322203242, -206.7064789014699, -193.21573313131685, -195.7584718567387, -211.21962451617097, -215.92450351560507, -202.89823542788193, -209.3087044461791, -198.2918057698504, -214.89428430335005]}