{"episode": [0, 1, 2, 3, 4, 5, 6, 7, 8, 9, 10, 11, 12, 13, 14, 15, 16, 17, 18, 19, 20, 21, 22, 23, 24, 25, 26, 27, 28, 29, 30, 31, 32, 33, 34, 35, 36, 37, 38, 39, 40, 41, 42, 43, 44, 45, 46, 47, 48, 49, 50, 51, 52, 53, 54, 55, 56, 57, 58, 59, 60, 61, 62, 63, 64, 65, 66, 67, 68, 69, 70, 71, 72, 73, 74, 75, 76, 77, 78, 79, 80, 81, 82, 83, 84, 85, 86, 87, 88, 89, 90, 91, 92, 93, 94, 95, 96, 97, 98, 99, 100, 101, 102, 103, 104, 105, 106, 107, 108, 109, 110, 111, 112, 113, 114, 115, 116, 117, 118, 119, 120, 121, 122, 123, 124, 125, 126, 127, 128, 129, 130, 131, 132, 133, 134, 135, 136, 137, 138, 139, 140, 141, 142, 143, 144, 145, 146, 147, 148, 149, 150, 151, 152, 153, 154, 155, 156, 157, 158, 159, 160, 161, 162, 163, 164, 165, 166, 167, 168, 169, 170, 171, 172, 173, 174, 175, 176, 177, 178, 179, 180, 181, 182, 183, 184, 185, 186, 187, 188, 189, 190, 191, 192, 193, 194, 195, 196, 197, 198, 199, 200, 201, 202, 203, 204, 205, 206, 207, 208, 209, 210, 211, 212, 213, 214, 215, 216, 217, 218, 219, 220, 221, 222, 223, 224, 225, 226, 227, 228, 229, 230, 231, 232, 233, 234, 235, 236, 237, 238, 239, 240, 241, 242, 243, 244, 245, 246, 247, 248, 249, 250, 251, 252, 253, 254, 255, 256, 257, 258, 259, 260, 261, 262, 263, 264, 265, 266, 267, 268, 269, 270, 271, 272, 273, 274, 275, 276, 277, 278, 279, 280, 281, 282, 283, 284, 285, 286, 287, 288, 289, 290, 291, 292, 293, 294, 295, 296, 297, 298, 299, 300, 301, 302, 303, 304, 305, 306, 307, 308, 309, 310, 311, 312, 313, 314, 315, 316, 317, 318, 319, 320, 321, 322, 323, 324, 325, 326, 327, 328, 329, 330, 331, 332, 333, 334, 335, 336, 337, 338, 339, 340, 341, 342, 343, 344, 345, 346, 347, 348, 349, 350, 351, 352, 353, 354, 355, 356, 357, 358, 359, 360, 361, 362, 363, 364, 365, 366, 367, 368, 369, 370, 371, 372, 373, 374, 375, 376, 377, 378, 379, 380, 381, 382, 383, 384, 385, 386, 387, 388, 389, 390, 391, 392, 393, 394, 395, 396, 397, 398, 399, 400, 401, 402, 403, 404, 405, 406, 407, 408, 409, 410, 411, 412, 413, 414, 415, 416, 417, 418, 419, 420, 421, 422, 423, 424, 425, 426, 427, 428, 429, 430, 431, 432, 433, 434, 435, 436, 437, 438, 439, 440, 441, 442, 443, 444, 445, 446, 447, 448, 449, 450, 451, 452, 453, 454, 455, 456, 457, 458, 459, 460, 461, 462, 463, 464, 465, 466, 467, 468, 469, 470, 471, 472, 473, 474, 475, 476, 477, 478, 479, 480, 481, 482, 483, 484, 485, 486, 487, 488], "rewards": [-3041.442067732914, -2837.688257170955, -3209.4347826885514, -3821.835980674351, -4132.951416371976, -3990.6519770684163, -4040.208885375096, -4158.73549913794, -4537.736890316884, -3990.5320858643086, -4052.1957398512795, -4099.339903300095, -4100.742526842241, -3914.5515762960786, -3909.4126991878497, -4024.915496815777, -4017.7896032691324, -3825.3047104451753, -3685.690787549583, -3515.809587949729, -4056.9601049215585, -3919.616540034624, -3834.4475228150345, -3854.6610013065742, -3610.6683267110798, -3730.126548927029, -3786.8066042936903, -3580.7107237396294, -3607.880053016305, -3563.923259628089, -3632.8892042418693, -3614.1658517589362, -3155.9914820704266, -3589.5472461967984, -3249.64039364526, -3414.712229794755, -3430.0079964035986, -3099.8301738103632, -3178.8535257996355, -3258.5934170757796, -2730.9097318935055, -3038.6587691051595, -2860.1033687698387, -2939.5865577340055, -2809.141402712333, -2799.623921233915, -2435.5398551049157, -2277.9458527822467, -2249.088812158845, -2045.2730019715443, -1991.6451312192917, -1814.6858790861468, -1918.0877616759542, -1580.0444864767926, -1629.677781960537, -1540.6156961088816, -1609.4930179834107, -1476.8968523273486, -1479.1373991922858, -1564.2823166965477, -1515.8551358591826, -1433.9670437928487, -1556.537276112451, -1481.0678976797053, -1434.3556203442506, -1483.4690181419178, -1444.1588747669543, -1434.0215292046482, -1605.0975069153103, -1523.9533671019076, -1447.9070097021493, -1457.921031138742, -1553.116675798224, -1442.5172045545319, -1505.5088549357456, -1404.2040016401988, -1502.3112370565154, -1524.2059851695935, -1482.6860757304926, -1482.3507388791716, -1442.4540449403949, -1498.5224249338353, -1490.4360646453733, -1541.634354678274, -1511.8597033281933, -1508.1188717974521, -1498.0983811348353, -1465.466993860175, -1490.2171955952936, -1436.3813648254113, -1475.839404184785, -1545.046158121786, -1511.927571104347, -1435.3836521893973, -1502.3818236889251, -1491.2050162348874, -1513.1538230660074, -1409.2419959560611, -1474.1341310569412, -1428.8843669530345, -1523.8984634539306, -1486.3785639652706, -1480.8940736399368, -1467.5607719333318, -1536.6699588966678, -1444.581330141525, -1449.1203834408964, -1544.130954473492, -1544.3621425064225, -1448.2869205017714, -1508.9596984030723, -1472.6372741065138, -1460.6106054625768, -1482.4627998200226, -1517.644065057224, -1596.90917577084, -1491.090745883484, -1547.0618775409869, -1463.0504931202345, -1451.7643264816832, -1508.2382044150736, -1478.491830446537, -1554.144700942994, -1563.494978731073, -1462.6564644103946, -1430.1535029794138, -1536.0897373278046, -1502.7696325955344, -1496.1284798206907, -1500.1186504104141, -1477.9812837779368, -1469.0435555699069, -1517.9958057845356, -1481.8861645408674, -1520.5766662629353, -1501.9046229184696, -1415.567999923971, -1537.246742621328, -1460.8543193553674, -1523.852844552253, -1489.508179830505, -1517.5361299615256, -1646.1017615695896, -1549.4811579259667, -1567.200399790367, -1675.29726523991, -1623.2167424751547, -1584.0975702750181, -1630.0414510225933, -1630.6693878871158, -1585.305612964665, -1630.375054973936, -1532.3272534503153, -1627.0258335187705, -1501.9192950147778, -1512.5289529178533, -1552.781492231232, -1459.2158819452416, -1523.2504235906342, -1513.4301580182535, -1463.2571127636243, -1499.9084369098741, -1479.3356296377865, -1517.9406173219918, -1414.352977822476, -1425.7377867770876, -1443.807769392059, -1431.9199450170702, -1390.1985356165465, -1471.5549338538053, -1372.9575864487447, -1464.2561763037863, -1513.60626965221, -1475.788731889513, -1439.3722063097237, -1494.7194370606305, -1447.166912628743, -1526.2195109322042, -1525.8628056602279, -1528.2936577261275, -1489.1717951680794, -1538.2092493383868, -1573.5568983931275, -1549.8243676848292, -1540.661023837079, -1544.6178177476845, -1559.9102342377344, -1588.4642082189043, -1493.231034075151, -1610.684319664904, -1556.3621062454424, -1647.0811740373933, -1615.3928494888155, -1607.7970855758886, -1619.3575532461928, -1498.933638161524, -1658.1523487851355, -1667.0262429107904, -1593.8243897398268, -1607.5641766318577, -1608.3806077515587, -1530.6182035126449, -1624.5235979151632, -1540.9810308132826, -1624.5395562851722, -1508.880441141085, -1447.2124366775683, -1600.8960950874712, -1509.620683650536, -1492.9813753217738, -1499.9499982413158, -1528.3219269896597, -1503.7748473668823, -1453.9945572551874, -1523.3161962383863, -1476.2883212858328, -1472.5372539407986, -1452.990759116005, -1467.3834160414017, -1512.8639682943854, -1414.479525429858, -1437.4342312930817, -1411.2176388984412, -1469.7109895543613, -1479.9493680727435, -1359.6502566064441, -1445.5542398284827, -1467.4936261382, -1394.3400950715259, -1410.8476959070877, -1474.9599710578684, -1409.6616122069568, -1551.3310450795902, -1343.1608043044757, -1389.173839806687, -1458.3464230324998, -1408.5461362606964, -1380.8446939754515, -1369.965315246067, -1411.1030930759816, -1398.3319029075951, -1359.8316756531929, -1441.3387944129975, -1399.1894282852527, -1406.0758960089672, -1444.079486889187, -1393.0148662223287, -1371.5128236083333, -1419.2122844061507, -1401.090294978199, -1379.1489101929142, -1377.1355771507342, -1378.0707110957956, -1427.6163585616569, -1380.8461963331988, -1401.3961555669805, -1423.5028780528023, -1391.4110942965115, -1361.0694847791585, -1441.3239227790764, -1454.3152998020669, -1477.0191162833396, -1326.5786554318483, -1411.5545016183019, -1467.0980300871825, -1409.1650349862298, -1477.4888307932636, -1368.4572511114407, -1395.6429786705598, -1412.8631595785323, -1421.7533910074549, -1359.6167097886905,