{"episode": [0, 1, 2, 3, 4, 5, 6, 7, 8, 9, 10, 11, 12, 13, 14, 15, 16, 17, 18, 19, 20, 21, 22, 23, 24, 25, 26, 27, 28, 29, 30, 31, 32, 33, 34, 35, 36, 37, 38, 39, 40, 41, 42, 43, 44, 45, 46, 47, 48, 49, 50, 51, 52, 53, 54, 55, 56, 57, 58, 59, 60, 61, 62, 63, 64, 65, 66, 67, 68, 69, 70, 71, 72, 73, 74, 75, 76, 77, 78, 79, 80, 81, 82, 83, 84, 85, 86, 87, 88, 89, 90, 91, 92, 93, 94, 95, 96, 97, 98, 99, 100, 101, 102, 103, 104, 105, 106, 107, 108, 109, 110, 111, 112, 113, 114, 115, 116, 117, 118, 119, 120, 121, 122, 123, 124, 125, 126, 127, 128, 129, 130, 131, 132, 133, 134, 135, 136, 137, 138, 139, 140, 141, 142, 143, 144, 145, 146, 147, 148, 149, 150, 151, 152, 153, 154, 155, 156, 157, 158, 159, 160, 161, 162, 163, 164, 165, 166, 167, 168, 169, 170, 171, 172, 173, 174, 175, 176, 177, 178, 179, 180, 181, 182, 183, 184, 185, 186, 187, 188, 189, 190, 191, 192, 193, 194, 195, 196, 197, 198, 199, 200, 201, 202, 203, 204, 205, 206, 207, 208, 209, 210, 211, 212, 213, 214, 215, 216, 217, 218, 219, 220, 221, 222, 223, 224, 225, 226, 227, 228, 229, 230, 231, 232, 233, 234, 235, 236, 237, 238, 239, 240, 241, 242, 243, 244, 245, 246, 247, 248, 249, 250, 251, 252, 253, 254, 255, 256, 257, 258, 259, 260, 261, 262, 263, 264, 265, 266, 267, 268, 269, 270, 271, 272, 273, 274, 275, 276, 277, 278, 279, 280, 281, 282, 283, 284, 285, 286, 287, 288, 289, 290, 291, 292, 293, 294, 295, 296, 297, 298, 299, 300, 301, 302, 303, 304, 305, 306, 307, 308, 309, 310, 311, 312, 313, 314, 315, 316, 317, 318, 319, 320, 321, 322, 323, 324, 325, 326, 327, 328, 329, 330, 331, 332, 333, 334, 335, 336, 337, 338, 339, 340, 341, 342, 343, 344, 345, 346, 347, 348, 349, 350, 351, 352, 353, 354, 355, 356, 357, 358, 359, 360, 361, 362, 363, 364, 365, 366, 367, 368, 369, 370, 371, 372, 373, 374, 375, 376, 377, 378, 379, 380, 381, 382, 383, 384, 385, 386, 387, 388, 389, 390, 391, 392, 393, 394, 395, 396, 397, 398, 399, 400, 401, 402, 403, 404, 405, 406, 407, 408, 409, 410, 411, 412, 413, 414, 415, 416, 417, 418, 419, 420, 421, 422, 423, 424, 425, 426, 427, 428, 429, 430, 431, 432, 433, 434, 435, 436, 437, 438, 439, 440, 441, 442, 443, 444, 445, 446, 447, 448, 449, 450, 451, 452, 453, 454, 455, 456, 457, 458, 459, 460, 461, 462, 463, 464, 465, 466, 467, 468, 469, 470, 471, 472, 473, 474, 475, 476, 477, 478, 479, 480, 481, 482, 483, 484, 485, 486, 487, 488], "rewards": [-2964.4132506829073, -3092.711149970609, -3709.6599710530218, -3747.389846133696, -4441.607208541228, -4288.084198557997, -4672.975014666426, -4723.27105449133, -4688.951007532663, -4944.307631504625, -4821.993056073656, -4864.070805495089, -4754.390796671052, -4845.739004243754, -4666.573099319944, -4665.365583970456, -4826.293154367186, -4339.269634190883, -4432.667753093368, -4893.892651289698, -4522.342469202804, -4390.449826123246, -4041.560413850898, -4262.563967196642, -4306.441593422351, -3907.2686879593857, -3884.978871345216, -3923.484904310503, -3874.751398627016, -3594.7140693321408, -3799.2717043055077, -3771.1021369197115, -3492.973976129864, -3450.4575805581662, -3649.2063200970706, -3996.6392373358563, -3461.3556606558077, -3343.050132775132, -3226.9283899120783, -3731.3613717679473, -3236.036217422511, -2973.691311319947, -3000.9286305040314, -2968.8982047629966, -2487.485608190539, -2907.877018704632, -2485.117118184802, -2598.5138574951775, -2678.6568370832942, -2979.3009589423064, -2399.3163343902165, -2958.976077801116, -2857.7908953504657, -2916.2478571593574, -3004.0694483016186, -2732.4208650261708, -2773.1803007176654, -2862.000324823541, -3119.3705425991357, -2797.0921122554346, -2978.6338139183763, -3119.6077053630133, -2965.9474072511907, -3107.514642123952, -3081.170316829098, -3292.4091092321337, -3183.640181134314, -3193.0335600044195, -3234.5101284926836, -3083.8960138322386, -3302.1463245108744, -3460.759358544212, -3466.0246775770256, -3598.2200705489295, -3484.5546370780576, -3295.56279304403, -3106.9771133907425, -3230.7238369195006, -3438.60651478999, -3353.520294171759, -3239.299963817853, -3396.539835865704, -3473.9320332089906, -3330.113047126067, -3339.73666068844, -3233.758336564917, -3313.4058698809545, -3355.3669586578194, -3394.6487422878818, -3292.53763258639, -3314.1865961473404, -3439.729155259082, -3314.430425458414, -3417.047767308183, -3400.487941811257, -3450.3751557428127, -3504.3035030174797, -3646.601928270536, -3443.3939004193685, -3768.2166740939233, -3708.491507252318, -3872.481831316334, -4014.4991885430113, -4081.30460147626, -4185.22839328197, -4089.035957052656, -3945.9187372056863, -3928.9072164518548, -4204.545431113553, -4140.871147520162, -4106.019349672441, -3940.550341043106, -3968.31376664126, -4215.315662610322, -4052.420394906545, -3999.2892325158928, -3857.621215878991, -4084.1684675272177, -3888.5732142438783, -3981.7288883171545, -4006.32369598561, -3969.2542009832337, -3985.583021416756, -3759.3843572532833, -3876.0723860627077, -4055.6261968090826, -4097.508243522842, -3933.306232281767, -3826.6006227286334, -3987.014982075644, -4143.120460465992, -3851.1166235769692, -3728.10092558659, -3872.464812518706, -3670.157966143294, -3635.336893406364, -3576.052169011063, -3323.6456106513265, -3264.12852762089, -3209.12923783934, -3033.4375312544908, -2988.2751960028786, -2925.4145076747623, -2753.6451117356655, -2683.6549745430284, -2743.1849006245407, -2735.054680679986, -2784.5698067050057, -2726.128677236618, -2444.1352568247394, -2607.413119655218, -2714.8334207398198, -2462.9341943673576, -2469.2992519140944, -2292.2741258476403, -2150.916805816292, -2332.7172102399086, -2012.8159898725585, -1921.6074375537814, -1946.348478025162, -1847.5065906932905, -1823.6670421266717, -1739.2957461066223, -1828.5997065002678, -1727.2336669187657, -1654.4146635765712, -1547.0037106616996, -1685.2193177247686, -1623.840397994071, -1618.2636653314153, -1572.7362761163922, -1558.4152852839572, -1544.3533079168428, -1550.5471212995694, -1545.2943762456298, -1524.6421964341307, -1585.8985347928633, -1548.7895898470083, -1659.4017418992983, -1524.8631026502296, -1623.64857742369, -1720.147864899193, -1808.8472775238074, -1742.3582287401591, -1599.6529112984176, -1921.7859121878123, -1929.6718632292627, -1804.822656800388, -1863.9539990809255, -2006.699159417491, -2045.0233522052088, -1889.0433841117865, -1993.23950446775, -2102.051224302959, -1818.448490413808, -1885.6604466741508, -1878.3990106178135, -1971.869659158377, -1909.7863624390006, -1830.5388665705145, -1672.7537845455354, -1818.2055642347943, -1704.2652035813849, -1761.539390667825, -1530.003895258612, -1611.5933826261135, -1492.017008209275, -1490.4848908596693, -1410.397877957106, -1405.1514807825033, -1430.9876428003877, -1397.7077374254463, -1348.2180295076084, -1365.5907499946952, -1330.5259627007702, -1364.5169562157425, -1348.0772024895798, -1345.7669074079145, -1308.088593010592, -1313.9473349548584, -1259.266286040956, -1365.3319717294323, -1353.364147749479, -1387.828893170234, -1278.8147149534857, -1342.546986980504, -1319.1105220584382, -1344.1846927400734, -1294.2334978214753, -1307.757403459109, -1284.959256846568, -1213.2004229575102, -1326.4298301740341, -1243.985222633069, -1311.4647787579343, -1234.926614103385, -1334.5576744111809, -1292.210779629308, -1276.7475274599349, -1271.7033441368153, -1294.3969363642868, -1260.4117200281578, -1228.5664664281705, -1293.8470671680843, -1262.599400479763, -1232.5636895119055, -1241.5805650511259, -1268.3244154379931, -1271.643171513787, -1217.581339847488, -1235.2802028577548, -1323.259834092077, -1256.4440418486834, -1265.172119928169, -1267.2381745826656, -1244.07612011679, -1275.7049371000771, -1248.1892937853058, -1287.9467556297739, -1314.1458476512548, -1270.9620198207408, -1262.855380136573, -1312.6276811172606, -1261.380964208705, -1254.067543264654, -1306.2500752794685, -1308.327188347554, -1252.917192718694, -1293.9010685015187, -1264.3124965154484, -1281.6779019813416, -1273.6487826429527, -1247.6195802338616, -1256.237929493648, 