{"episode": [0, 1, 2, 3, 4, 5, 6, 7, 8, 9, 10, 11, 12, 13, 14, 15, 16, 17, 18, 19, 20, 21, 22, 23, 24, 25, 26, 27, 28, 29, 30, 31, 32, 33, 34, 35, 36, 37, 38, 39, 40, 41, 42, 43, 44, 45, 46, 47, 48, 49, 50, 51, 52, 53, 54, 55, 56, 57, 58, 59, 60, 61, 62, 63, 64, 65, 66, 67, 68, 69, 70, 71, 72, 73, 74, 75, 76, 77, 78, 79, 80, 81, 82, 83, 84, 85, 86, 87, 88, 89, 90, 91, 92, 93, 94, 95, 96, 97, 98, 99, 100, 101, 102, 103, 104, 105, 106, 107, 108, 109, 110, 111, 112, 113, 114, 115, 116, 117, 118, 119, 120, 121, 122, 123, 124, 125, 126, 127, 128, 129, 130, 131, 132, 133, 134, 135, 136, 137, 138, 139, 140, 141, 142, 143, 144, 145, 146, 147, 148, 149, 150, 151, 152, 153, 154, 155, 156, 157, 158, 159, 160, 161, 162, 163, 164, 165, 166, 167, 168, 169, 170, 171, 172, 173, 174, 175, 176, 177, 178, 179, 180, 181, 182, 183, 184, 185, 186, 187, 188, 189, 190, 191, 192, 193, 194, 195, 196, 197, 198, 199, 200, 201, 202, 203, 204, 205, 206, 207, 208, 209, 210, 211, 212, 213, 214, 215, 216, 217, 218, 219, 220, 221, 222, 223, 224, 225, 226, 227, 228, 229, 230, 231, 232, 233, 234, 235, 236, 237, 238, 239, 240, 241, 242, 243, 244, 245, 246, 247, 248, 249, 250, 251, 252, 253, 254, 255, 256, 257, 258, 259, 260, 261, 262, 263, 264, 265, 266, 267, 268, 269, 270, 271, 272, 273, 274, 275, 276, 277, 278, 279, 280, 281, 282, 283, 284, 285, 286, 287, 288, 289, 290, 291, 292, 293, 294, 295, 296, 297, 298, 299, 300, 301, 302, 303, 304, 305, 306, 307, 308, 309, 310, 311, 312, 313, 314, 315, 316, 317, 318, 319, 320, 321, 322, 323, 324, 325, 326, 327, 328, 329, 330, 331, 332, 333, 334, 335, 336, 337, 338, 339, 340, 341, 342, 343, 344, 345, 346, 347, 348, 349, 350, 351, 352, 353, 354, 355, 356, 357, 358, 359, 360, 361, 362, 363, 364, 365, 366, 367, 368, 369, 370, 371, 372, 373, 374, 375, 376, 377, 378, 379, 380, 381, 382, 383, 384, 385, 386, 387, 388, 389, 390, 391, 392, 393, 394, 395, 396, 397, 398, 399, 400, 401, 402, 403, 404, 405, 406, 407, 408, 409, 410, 411, 412, 413, 414, 415, 416, 417, 418, 419, 420, 421, 422, 423, 424, 425, 426, 427, 428, 429, 430, 431, 432, 433, 434, 435, 436, 437, 438, 439, 440, 441, 442, 443, 444, 445, 446, 447, 448, 449, 450, 451, 452, 453, 454, 455, 456, 457, 458, 459, 460, 461, 462, 463, 464, 465, 466, 467, 468, 469, 470, 471, 472, 473, 474, 475, 476, 477, 478, 479, 480, 481, 482, 483, 484, 485, 486, 487, 488], "rewards": [-2734.691467866506, -2618.6459250792964, -3580.0564578068806, -3399.152931971362, -4184.758223382226, -4039.289625406191, -4759.096051409386, -4662.396969775726, -4528.01034049461, -4816.2117429168775, -4956.5424255276275, -5064.003543671895, -4858.366094960297, -5061.457082822564, -4831.146951475619, -5241.110047146494, -5083.1780537601835, -5051.849902994037, -5086.020599179417, -4926.406932123174, -4525.566214128053, -4728.310326247889, -4403.325452753821, -4585.806416594374, -4113.431567494665, -4070.2044128252287, -4251.980886282237, -3970.7223353050285, -3854.195477383176, -3506.8471471532903, -3660.348160179412, -3524.1621058536934, -3697.5365607441245, -3274.489929229986, -3181.0903065528687, -2900.7716633108594, -3078.955715457392, -3075.039154432664, -2811.806578525563, -2991.8820721516704, -3027.725153048942, -3054.5335008992015, -2649.433221054473, -2845.9785925687706, -2848.0798793030335, -2972.5317074247887, -2754.6307006748057, -2738.653107639992, -2808.7694532128817, -2568.9948181976015, -2689.5140802176516, -2464.649407388493, -2539.9017472939195, -2633.7637744940525, -2566.157806211966, -2807.735319880845, -2374.2288280282214, -2611.875018869363, -2460.739922306101, -2624.118089566212, -2722.0982713400954, -2519.312339882266, -2821.4811920965344, -2964.2195465406267, -2854.318042698416, -3101.7615071205355, -3275.0233617791164, -3020.9012771301104, -3158.158185685947, -3155.309142132019, -3033.96286132717, -3005.391821729714, -3161.3704474961733, -2953.2432530547844, -3034.1439720279836, -2645.0133269564044, -3083.4783772903256, -2985.77142328613, -2945.4476650482293, -2872.6043332697873, -2858.35205205924, -2645.5842348023198, -2606.15806423851, -2671.5896980480366, -2716.8367655702905, -2675.114765249581, -2617.50072249273, -2691.3326115015657, -2714.2748918043444, -2534.4256947367458, -2664.5454278585084, -2535.33575776166, -2437.15614881109, -2335.5275951220788, -2271.125482162342, -2322.955128248532, -2514.319972486447, -2300.1210406424434, -2044.7987634392325, -2411.3811565216947, -2154.428714991828, -2250.8819440367615, -1938.0886972094752, -1976.7099222168479, -1790.446495163785, -1954.6800851340547, -1810.0998639696268, -1865.0031481502406, -1780.1422653730272, -1669.4339428385197, -1684.7706318704597, -1738.7027178489195, -1616.650771484105, -1608.5319842965387, -1597.0073179911956, -1668.1027071272547, -1658.5049757116394, -1639.1726281049905, -1780.7361870641926, -1673.2121831864883, -1599.7439458083272, -1667.3345563907042, -1671.524775033282, -1705.4007450452864, -1612.1242178871319, -1730.8320756153523, -1668.6386819903619, -1664.1879245848493, -1603.6494687291804, -1560.236788996591, -1629.4690552588775, -1571.8647861154734, -1524.5681722595143, -1536.4471307151937, -1537.877694568441, -1517.6831550696102, -1454.9269935522327, -1478.7549265435314, -1519.5236693315514, -1483.003524689082, -1477.7717749123326, -1418.3803020873197, -1430.943270713338, -1417.346424358187, -1527.048132653957, -1420.0416269173434, -1374.0477778082375, -1437.7903215317588, -1376.0494174553048, -1403.2782011136387, -1387.2934726010233, -1349.3952700812142, -1344.80783597028, -1384.40505297613, -1331.721536439, -1367.4949011446968, -1432.0665769745203, -1356.153961341426, -1431.766592397234, -1363.161707238734, -1363.8653009708587, -1372.7549764135115, -1312.8642890468266, -1361.9985585525974, -1349.489772716264, -1386.0872714616703, -1378.3248354508678, -1294.7342415033625, -1331.2567929907857, -1284.7981847917006, -1314.7283248311514, -1293.0076459380173, -1327.2890619947289, -1240.496966657714, -1335.369977434349, -1285.92521208556, -1255.7185910529572, -1318.2293056849899, -1300.700584469472, -1265.1004052831252, -1219.9144264777117, -1311.922568386698, -1224.1565612706725, -1235.242283476799, -1292.3267775962263, -1226.5780632346393, -1277.9296329203394, -1305.317339372205, -1239.6434654946813, -1294.5166603068146, -1200.7371746209708, -1328.5179093898637, -1324.8673518387534, -1248.1720021900783, -1267.956140472218, -1292.4708020865787, -1265.6165621049772, -1269.6315643116686, -1265.8033195487303, -1309.6053882997805, -1225.0194753622861, -1190.9531338654933, -1254.9804743246946, -1228.259250956716, -1253.315376217312, -1310.8355291667308, -1321.8331360749148, -1245.9096184488474, -1270.8872392829148, -1257.3512104998902, -1284.3692191953176, -1297.2665582025152, -1246.8781150509317, -1219.6034897000131, -1264.3403128143468, -1305.4713782237188, -1317.9662825234086, -1267.994956890945, -1228.985177841549, -1264.984993420489, -1278.3346976339947, -1259.591010130523, -1249.471051712412, -1258.7484191843835, -1234.8428738156695, -1216.7851884210872, -1228.8892432395924, -1233.1780467867165, -1231.594256934929, -1289.2286867954958, -1293.7885301616766, -1250.1547649072932, -1245.0672363357173, -1305.4134521565684, -1290.8939412791494, -1304.431155138754, -1334.2503514476923, -1308.4438656986479, -1280.2414486158666, -1313.839137938643, -1231.9067374346264, -1242.7532354666412, -1302.171458811337, -1267.7447913066767, -1219.6830677101746, -1253.6323121699684, -1246.5477341742503, -1343.5503565473034, -1287.0694558432965, -1287.1822242157857, -1271.2545706445972, -1285.9146210345295, -1237.892688101987, -1272.9294232496595, -1300.8310027447778, -1247.2401395873835, -1270.2034003233898, -1259.940227323624, -1260.948324608426, -1299.1547401832963, -1200.5643248502136, -1291.1495019793174, -1284.1431362772528, -1253.3817993359178, -1256.675710298597, -1249.7397129511937, -1286.5567726894158, -1274.3857957177295, -1254.9134543146579, -1262.2624367514807, -1298.927697841566, -1259.3355526366004, -1280.3051170388303, 