{"episode": [0, 1, 2, 3, 4, 5, 6, 7, 8, 9, 10, 11, 12, 13, 14, 15, 16, 17, 18, 19, 20, 21, 22, 23, 24, 25, 26, 27, 28, 29, 30, 31, 32, 33, 34, 35, 36, 37, 38, 39, 40, 41, 42, 43, 44, 45, 46, 47, 48, 49, 50, 51, 52, 53, 54, 55, 56, 57, 58, 59, 60, 61, 62, 63, 64, 65, 66, 67, 68, 69, 70, 71, 72, 73, 74, 75, 76, 77, 78, 79, 80, 81, 82, 83, 84, 85, 86, 87, 88, 89, 90, 91, 92, 93, 94, 95, 96, 97, 98, 99, 100, 101, 102, 103, 104, 105, 106, 107, 108, 109, 110, 111, 112, 113, 114, 115, 116, 117, 118, 119, 120, 121, 122, 123, 124, 125, 126, 127, 128, 129, 130, 131, 132, 133, 134, 135, 136, 137, 138, 139, 140, 141, 142, 143, 144, 145, 146, 147, 148, 149, 150, 151, 152, 153, 154, 155, 156, 157, 158, 159, 160, 161, 162, 163, 164, 165, 166, 167, 168, 169, 170, 171, 172, 173, 174, 175, 176, 177, 178, 179, 180, 181, 182, 183, 184, 185, 186, 187, 188, 189, 190, 191, 192, 193, 194, 195, 196, 197, 198, 199, 200, 201, 202, 203, 204, 205, 206, 207, 208, 209, 210, 211, 212, 213, 214, 215, 216, 217, 218, 219, 220, 221, 222, 223, 224, 225, 226, 227, 228, 229, 230, 231, 232, 233, 234, 235, 236, 237, 238, 239, 240, 241, 242, 243, 244, 245, 246, 247, 248, 249, 250, 251, 252, 253, 254, 255, 256, 257, 258, 259, 260, 261, 262, 263, 264, 265, 266, 267, 268, 269, 270, 271, 272, 273, 274, 275, 276, 277, 278, 279, 280, 281, 282, 283, 284, 285, 286, 287, 288, 289, 290, 291, 292, 293, 294, 295, 296, 297, 298, 299, 300, 301, 302, 303, 304, 305, 306, 307, 308, 309, 310, 311, 312, 313, 314, 315, 316, 317, 318, 319, 320, 321, 322, 323, 324, 325, 326, 327, 328, 329, 330, 331, 332, 333, 334, 335, 336, 337, 338, 339, 340, 341, 342, 343, 344, 345, 346, 347, 348, 349, 350, 351, 352, 353, 354, 355, 356, 357, 358, 359, 360, 361, 362, 363, 364, 365, 366, 367, 368, 369, 370, 371, 372, 373, 374, 375, 376, 377, 378, 379, 380, 381, 382, 383, 384, 385, 386, 387, 388, 389, 390, 391, 392, 393, 394, 395, 396, 397, 398, 399, 400, 401, 402, 403, 404, 405, 406, 407, 408, 409, 410, 411, 412, 413, 414, 415, 416, 417, 418, 419, 420, 421, 422, 423, 424, 425, 426, 427, 428, 429, 430, 431, 432, 433, 434, 435, 436, 437, 438, 439, 440, 441, 442, 443, 444, 445, 446, 447, 448, 449, 450, 451, 452, 453, 454, 455, 456, 457, 458, 459, 460, 461, 462, 463, 464, 465, 466, 467, 468, 469, 470, 471, 472, 473, 474, 475, 476, 477, 478, 479, 480, 481, 482, 483, 484, 485, 486, 487, 488], "rewards": [-2983.6367948388815, -2758.7600734716457, -1997.0108379055134, -2356.930307620986, -2651.19676330857, -2813.940908325833, -3213.7277522076292, -3105.0764277510507, -3289.320203685863, -3477.7333393494, -3385.8331517983215, -3336.0909868878052, -3641.2472664981956, -3598.6540939494816, -3754.1341013658193, -3625.762483156718, -3845.345819031292, -4114.2738001143325, -3705.5530207599577, -3767.874199291719, -3814.6234112707025, -3687.591863776464, -3789.937875709842, -3890.6061105392087, -4098.5987138259125, -4020.2450049776644, -4296.74646428058, -4036.890706614808, -4331.841942950171, -4425.825916843541, -4228.910574906109, -4820.2560472560235, -4470.11509063011, -4516.599864097932, -4664.698505745374, -5211.973722089613, -4695.394383262884, -4957.592744980469, -5016.939765503697, -4929.31356247761, -5012.259844695454, -4638.12287426015, -4701.361512607177, -4792.757970346027, -4803.6313354082995, -4724.916153435545, -4633.922936516576, -4562.288605769737, -4584.4201735593815, -4054.60842718667, -4500.484833689572, -4583.247048325907, -4400.463767810949, -4301.322884043774, -4327.601051021086, -4466.791364026505, -3934.241586971898, -4288.315063359316, -4528.882229765064, -4179.601122291362, -4151.269714683474, -4372.020902541327, -3714.560131234907, -3933.608830044246, -3963.6908614084205, -4054.7766845320466, -3823.5193228189783, -3829.4464200127286, -3886.6620115622427, -3894.374607175267, -3848.6997243972583, -3811.850938689454, -3813.515387940075, -3764.531023001512, -3632.2885458236874, -3716.6877090466505, -3794.497426603749, -4032.36886185799, -4195.74624928818, -3935.2331194939557, -4144.817467642536, -4132.134353711774, -4074.5141047665625, -4246.057941816226, -3858.9583483436136, -3917.192265435143, -3963.2416405373397, -3840.2674817879233, -3801.686381463597, -3841.241183328192, -3979.136320494637, -3869.2460240529595, -3864.7474250125256, -3873.0887190078806, -3867.452938247168, -3885.971370356469, -3571.784008635015, -3718.685600861832, -3698.264083213651, -3498.037737085412, -3427.070637820042, -3352.736394109361, -3241.9003007495553, -3260.062796539363, -3068.772440127046, -2913.5551328252727, -2867.2614540908567, -2816.915166304889, -2997.2302233596824, -2630.0219994474674, -2828.0809621389394, -2676.5444057259374, -2775.0926495276717, -2842.2461733621476, -2703.9206986539884, -2927.8582185748664, -2844.646130041824, -2993.9934607264718, -2938.9487517352127, -2759.4677886517575, -2895.6427245193145, -2711.7775841446755, -2806.1579124549075, -2878.026431635029, -2661.539664935403, -2684.352515567338, -2476.425790865106, -2574.7563393197574, -2495.7730965204155, -2447.6644172136594, -2425.3790107772265, -2195.1983715850956, -2196.858076523098, -2004.3824800684233, -2120.51103707872, -1870.519015775426, -1846.383538356523, -1658.871701221387, -1751.4324647883732, -1695.1057153943923, -1575.9848340693563, -1549.7979149318314, -1534.0730730584914, -1504.4032773495642, -1514.3607927898026, -1494.2043346854293, -1490.0013703315956, -1427.4581676853356, -1485.00323187403, -1417.2247773566066, -1411.6725475849669, -1432.5200377434917, -1418.102813548909, -1384.7026823487656, -1404.4067921494948, -1396.056005463868, -1365.7094672328753, -1381.3247245713383, -1422.109131461875, -1368.1044485507718, -1298.5126918460692, -1384.6574212811227, -1362.8251715403749, -1441.756556308679, -1380.3967490277523, -1354.1763726871748, -1280.4620460659075, -1373.15012912803, -1316.139248238587, -1273.2890895348287, -1312.9485768170684, -1360.2653590700684, -1299.8070879285478, -1266.3793577145218, -1283.5652011971815, -1306.8702073521933, -1234.2790631605128, -1297.4584500021297, -1270.0962196113683, -1327.87861531326, -1290.0969058833296, -1345.7594633328135, -1324.9407908543208, -1267.0105441338676, -1315.9012316939288, -1364.176443865817, -1274.2358518462192, -1359.8323968593136, -1284.929507114311, -1261.6393004395993, -1316.0922109849475, -1221.810058787564, -1268.0938077883065, -1260.3763016581802, -1305.2163741692261, -1278.676492795592, -1248.3411121604163, -1242.735374174749, -1296.7196150166396, -1293.6540909247735, -1268.4844691757762, -1298.5218128835536, -1292.8736484747426, -1283.95122668061, -1278.6750098074776, -1320.4250624217877, -1256.3615889631694, -1262.7876341309388, -1281.8611578642945, -1289.9234736676356, -1211.2785838628536, -1285.9994677707, -1309.2123512708, -1274.8770999780368, -1298.2065643742776, -1259.3380996725186, -1207.4066189637147, -1260.6797898267716, -1313.3913620027615, -1255.0299691694931, -1301.03775285023, -1270.9907390372448, -1241.5349228506755, -1222.3627462302697, -1322.06942981332, -1280.6271218844943, -1308.8828345647614, -1315.989330892863, -1290.2643799221655, -1277.6170517837695, -1295.658502601621, -1284.516833755136, -1254.2347423035164, -1257.6868155094826, -1298.299421938617, -1202.106269741463, -1332.4282771147177, -1230.4549089221246, -1261.8044087295195, -1324.0720162578941, -1281.4078002363271, -1304.0569375813227, -1222.0756050672812, -1274.177214828042, -1298.305379884695, -1226.3206943587145, -1284.0894059679765, -1263.891331471635, -1329.1726530071164, -1274.7106794274173, -1243.2742895377417, -1245.8158703951003, -1302.7214775105226, -1235.1849807103001, -1228.3816990992634, -1235.1761240654073, -1315.2843422747992, -1349.9271497428033, -1278.247640253719, -1263.1315677889659, -1257.896249763542, -1275.2479980566518, -1262.8395401228727, -1290.9053908557546, -1242.8855800637762, -1222.0001090068422, -1279.5396928086088, -1242.3752336129505, -1256.3260734436658, -1253.7068763499738, -1251.2475228459564, -1276.244157453923, -1208.0710766257857, -1249.1687746835262, 