{"episode": [0, 1, 2, 3, 4, 5, 6, 7, 8, 9, 10, 11, 12, 13, 14, 15, 16, 17, 18, 19], "rewards": [-78.64812223109934, -100.88625433123516, -58.1380770564683, -84.20553611149124, -102.91955324559406, -7.7467245121001795, -2.8609920423957447, -1.2326877555829538, -1.9090784673327206, -7.331628429730141, -7.400026816514104, -11.642797734541599, -6.83529645911746, -7.212323172811523, -5.239561106397318, -6.704616422986641, -6.352435689484797, -5.75309363751132, -0.07797312732302675, -0.22107051706164121]}