{"episode": [0, 1, 2, 3, 4, 5, 6, 7, 8, 9, 10, 11, 12, 13, 14, 15, 16, 17, 18, 19], "rewards": [-13.75829676040477, -24.017985594179272, -21.29880273360818, -18.632517212779117, -55.86892504275463, -92.56983843676895, -2.965742135655519, -2.734988690590596, -0.11605825309724409, -0.05336690895993024, -2.908760061067192, -27.694559053812338, -5.897756399238913, -17.975261687682583, -35.3253426198968, -18.323878247624954, -23.296163266559, -43.826800270127876, -63.253724020122206, -78.52758253825026]}