{"episode": [0, 1, 2, 3, 4, 5, 6, 7, 8, 9, 10, 11, 12, 13, 14, 15, 16, 17, 18, 19, 20, 21, 22, 23, 24, 25, 26, 27, 28, 29, 30, 31, 32, 33, 34, 35, 36, 37, 38, 39, 40, 41, 42, 43, 44, 45, 46, 47, 48, 49, 50, 51, 52, 53, 54, 55, 56, 57, 58, 59, 60, 61, 62, 63, 64, 65, 66, 67, 68, 69, 70, 71, 72, 73, 74, 75, 76, 77, 78, 79, 80, 81, 82, 83, 84, 85, 86, 87, 88, 89, 90, 91, 92, 93, 94, 95, 96, 97, 98, 99, 100, 101, 102, 103, 104, 105, 106, 107, 108, 109, 110, 111, 112, 113, 114, 115, 116, 117, 118, 119, 120, 121, 122, 123, 124, 125, 126, 127, 128, 129, 130, 131, 132, 133, 134, 135, 136, 137, 138, 139, 140, 141, 142, 143, 144, 145, 146, 147, 148, 149, 150, 151, 152, 153, 154, 155, 156, 157, 158, 159, 160, 161, 162, 163, 164, 165, 166, 167, 168, 169, 170, 171, 172, 173, 174, 175, 176, 177, 178, 179, 180, 181, 182, 183, 184, 185, 186, 187, 188, 189, 190, 191, 192, 193, 194, 195, 196, 197, 198, 199, 200, 201, 202, 203, 204, 205, 206, 207, 208, 209, 210, 211, 212, 213, 214, 215, 216, 217, 218, 219, 220, 221, 222, 223, 224, 225, 226, 227, 228, 229, 230, 231, 232, 233, 234, 235, 236, 237, 238, 239, 240, 241, 242, 243, 244, 245, 246, 247, 248, 249, 250, 251, 252, 253, 254, 255, 256, 257, 258, 259, 260, 261, 262, 263, 264, 265, 266, 267, 268, 269, 270, 271, 272, 273, 274, 275, 276, 277, 278, 279, 280, 281, 282, 283, 284, 285, 286, 287, 288, 289, 290, 291, 292, 293, 294, 295, 296, 297, 298, 299, 300, 301, 302, 303, 304, 305, 306, 307, 308, 309, 310, 311, 312, 313, 314, 315, 316, 317, 318, 319, 320, 321, 322, 323, 324, 325, 326, 327, 328, 329, 330, 331, 332, 333, 334, 335, 336, 337, 338, 339, 340, 341, 342, 343, 344, 345, 346, 347, 348, 349, 350, 351, 352, 353, 354, 355, 356, 357, 358, 359, 360, 361, 362, 363, 364, 365, 366, 367, 368, 369, 370, 371, 372, 373, 374, 375, 376, 377, 378, 379, 380, 381, 382, 383, 384, 385, 386, 387, 388, 389, 390, 391, 392, 393, 394, 395, 396, 397, 398, 399, 400, 401, 402, 403, 404, 405, 406, 407, 408, 409, 410, 411, 412, 413, 414, 415, 416, 417, 418, 419, 420, 421, 422, 423, 424, 425, 426, 427, 428, 429, 430, 431, 432, 433, 434, 435, 436, 437, 438, 439, 440, 441, 442, 443, 444, 445, 446, 447, 448, 449, 450, 451, 452, 453, 454, 455, 456, 457, 458, 459, 460, 461, 462, 463, 464, 465, 466, 467, 468, 469, 470, 471, 472, 473, 474, 475, 476, 477, 478, 479, 480, 481, 482, 483, 484, 485, 486, 487, 488], "rewards": [-2963.2487522058173, -3379.063407442285, -2923.0082738962938, -2906.7979142785525, -2408.049355769421, -2336.4857428939836, -2044.2525989017013, -2253.8471547648455, -2109.5832166860428, -1986.716899494694, -1797.637226028699, -1724.8541744452727, -1677.1061333817665, -1509.7204865209128, -1541.1060776926213, -1539.536282173686, -1666.0936061107222, -1621.0619124010957, -1643.3721791417724, -1483.5247220988701, -1720.7868101788667, -1754.459448301357, -2075.101839612668, -1926.8840637857593, -2008.8514568275975, -2065.6008140545105, -1935.474898771412, -2032.825993602195, -2009.402147628113, -1973.3068201072517, -2065.7158376432053, -2139.0411667797675, -2059.117135519361, -1792.87306783746, -2020.3249205277712, -2128.3528040989486, -1976.5225347548435, -2119.1895064826113, -1904.8624127280461, -1942.9908806947883, -2114.824297638827, -2113.3366741806276, -1980.7268675722014, -1994.0615094152186, -2056.645004352104, -2019.574894510287, -1897.9793578605118, -1835.8968422132245, -1805.9438665467922, -1945.868188081688, -1863.7086869202662, -1993.2024745098668, -1967.6187880235434, -2016.0788406644247, -1914.8047929292202, -1841.3584198699616, -1952.4367245405842, -1930.8861198429156, -1870.907277042757, -1991.345912947824, -1935.5185010250068, -1828.3910078310942, -1805.8284139103525, -1862.5385865725498, -1698.0519778156802, -1844.0801356069162, -1893.3046585199768, -1993.2849850753312, -1912.9979127589727, -1851.6138040203994, -1842.5475075847141, -1994.1695314621945, -1938.542706589189, -1670.633084687822, -1758.1788324766683, -1670.0477496707324, -1668.8562160925062, -1587.610165463679, -1609.9384173302442, -1656.904075420392, -1556.8505831677526, -1465.647903580347, -1492.11322176987, -1571.1348389017905, -1447.3935534505817, -1468.016129919342, -1457.9029978453516, -1440.3089462227613, -1339.6479464404865, -1466.247293110073, -1414.5358923984138, -1480.750719160374, -1362.8060176584984, -1465.9661317732905, -1451.707630484436, -1499.5170485815217, -1454.97029237782, -1412.5639659324133, -1450.6578785294882, -1449.0615759716393, -1501.7365351298663, -1425.534000417128, -1444.016133568311, -1413.3974375321748, -1436.6684567467717, -1494.9692767843778, -1476.1124581559363, -1524.7063380074906, -1534.9329020495484, -1445.5821011935745, -1451.5868123141204, -1430.6949092818, -1541.9620892422558, -1409.8230884319576, -1397.26829004797, -1377.7479622611072, -1424.373844865296, -1432.5243690533487, -1405.6308477149948, -1421.658847358436, -1455.578211930249, -1448.6061103039897, -1476.2700955156902, -1480.3465173684967, -1497.5703576927904, -1525.5916912862926, -1455.2265951720306, -1455.33521223648, -1475.7856317065277, -1492.6343760004033, -1456.4859277108517, -1437.9006379288344, -1543.2784559972624, -1549.130822283413, -1483.4231431943695, -1476.403232172034, -1470.5111164260343, -1495.0331172672809, -1501.0265747272967, -1486.9933943148267, -1436.7967597263164, -1509.4427438473908, -1624.4211195590992, -1520.3262002900215, -1540.553033515211, -1580.8727126799547, -1532.4896653509722, -1532.1626793390801, -1603.5623883798735, -1512.1801158846945, -1567.660549319255, -1521.808563423188, -1498.8248844348475, -1539.3457799854957, -1639.6579639850468, -1603.2256797488824, -1480.9875383146748, -1553.1989173119637, -1570.599092447946, -1616.6487028149395, -1590.9246772767879, -1508.137476333632, -1630.6296371219505, -1551.4140757963487, -1577.4951049138158, -1571.8890099915259, -1491.7452033333414, -1539.107882626297, -1460.6735003611668, -1496.5090148827846, -1512.4368786376842, -1439.1860946689853, -1544.1480446688875, -1615.9610029158878, -1536.5744779618146, -1597.6432089316688, -1526.2570890917953, -1617.8152743887413, -1521.5503106375286, -1548.0737982430833, -1632.8197135007074, -1592.9321938956423, -1629.345643008044, -1659.3241737884975, -1608.381753036554, -1560.8487242391918, -1592.1700468611068, -1575.273073144364, -1593.1152125134647, -1447.1022490705764, -1515.8272862670492, -1606.3973150029572, -1558.582628314033, -1503.0129835164612, -1583.0892729890886, -1610.3982280169841, -1658.2597143341561, -1672.2754129616685, -1593.7346670317525, -1602.0772161328716, -1614.1425704530063, -1614.924486594843, -1586.5994835280135, -1501.6188656850031, -1536.887892262663, -1642.424168867036, -1616.9178715759147, -1515.7629834081602, -1612.6742947265845, -1525.7529519207196, -1560.600703318756, -1514.7753674358878, -1634.1055502607153, -1463.311981426453, -1436.1310076669017, -1558.5095007265088, -1578.6538427584, -1580.2869726553722, -1582.000615557596, -1549.488414170981, -1563.8159225857853, -1533.769171670658, -1529.5444650860143, -1528.8254376534287, -1521.7517131325242, -1483.889856586425, -1458.6317548882648, -1447.0913656079547, -1490.7593645765398, -1438.859936819968, -1432.611930952306, -1388.053273505925, -1363.132900216017, -1455.543456649423, -1382.1770912274274, -1399.445138789699, -1370.6679664732414, -1378.3117064181392, -1394.2383933200192, -1473.8318808179297, -1372.8955931039177, -1439.627837806205, -1450.5962585541947, -1437.3437065528583, -1421.6406039738815, -1372.6928778264714, -1401.095346951922, -1379.597548359795, -1455.3405766092496, -1401.9163363773946, -1408.6407778810276, -1446.35698199392, -1395.0862333254797, -1445.6195149850573, -1397.8393179329946, -1406.1225789028224, -1386.7400514587946, -1352.3711571268543, -1406.4927612892184, -1412.7776848035903, -1414.2329455054971, -1344.5825395158445, -1353.9336232963549, -1346.8326520704866, -1367.5992701198834, -1384.7212427879124, -1373.6952740830977, -1383.437566477772, -1364.3318911002718, -1383.114449390979, -1298.379858283529, -1405.3677801369417, 