{"episode": [0, 1, 2, 3, 4, 5, 6, 7, 8, 9, 10, 11, 12, 13, 14, 15, 16, 17, 18, 19, 20, 21, 22, 23, 24, 25, 26, 27, 28, 29, 30, 31, 32, 33, 34, 35, 36, 37, 38, 39, 40, 41, 42, 43, 44, 45, 46, 47, 48, 49, 50, 51, 52, 53, 54, 55, 56, 57, 58, 59, 60, 61, 62, 63, 64, 65, 66, 67, 68, 69, 70, 71, 72, 73, 74, 75, 76, 77, 78, 79, 80, 81, 82, 83, 84, 85, 86, 87, 88, 89, 90, 91, 92, 93, 94, 95, 96, 97, 98, 99, 100, 101, 102, 103, 104, 105, 106, 107, 108, 109, 110, 111, 112, 113, 114, 115, 116, 117, 118, 119, 120, 121, 122, 123, 124, 125, 126, 127, 128, 129, 130, 131, 132, 133, 134, 135, 136, 137, 138, 139, 140, 141, 142, 143, 144, 145, 146, 147, 148, 149, 150, 151, 152, 153, 154, 155, 156, 157, 158, 159, 160, 161, 162, 163, 164, 165, 166, 167, 168, 169, 170, 171, 172, 173, 174, 175, 176, 177, 178, 179, 180, 181, 182, 183, 184, 185, 186, 187, 188, 189, 190, 191, 192, 193, 194, 195, 196, 197, 198, 199, 200, 201, 202, 203, 204, 205, 206, 207, 208, 209, 210, 211, 212, 213, 214, 215, 216, 217, 218, 219, 220, 221, 222, 223, 224, 225, 226, 227, 228, 229, 230, 231, 232, 233, 234, 235, 236, 237, 238, 239, 240, 241, 242, 243, 244, 245, 246, 247, 248, 249, 250, 251, 252, 253, 254, 255, 256, 257, 258, 259, 260, 261, 262, 263, 264, 265, 266, 267, 268, 269, 270, 271, 272, 273, 274, 275, 276, 277, 278, 279, 280, 281, 282, 283, 284, 285, 286, 287, 288, 289, 290, 291, 292, 293, 294, 295, 296, 297, 298, 299, 300, 301, 302, 303, 304, 305, 306, 307, 308, 309, 310, 311, 312, 313, 314, 315, 316, 317, 318, 319, 320, 321, 322, 323, 324, 325, 326, 327, 328, 329, 330, 331, 332, 333, 334, 335, 336, 337, 338, 339, 340, 341, 342, 343, 344, 345, 346, 347, 348, 349, 350, 351, 352, 353, 354, 355, 356, 357, 358, 359, 360, 361, 362, 363, 364, 365, 366, 367, 368, 369, 370, 371, 372, 373, 374, 375, 376, 377, 378, 379, 380, 381, 382, 383, 384, 385, 386, 387, 388, 389, 390, 391, 392, 393, 394, 395, 396, 397, 398, 399, 400, 401, 402, 403, 404, 405, 406, 407, 408, 409, 410, 411, 412, 413, 414, 415, 416, 417, 418, 419, 420, 421, 422, 423, 424, 425, 426, 427, 428, 429, 430, 431, 432, 433, 434, 435, 436, 437, 438, 439, 440, 441, 442, 443, 444, 445, 446, 447, 448, 449, 450, 451, 452, 453, 454, 455, 456, 457, 458, 459, 460, 461, 462, 463, 464, 465, 466, 467, 468, 469, 470, 471, 472, 473, 474, 475, 476, 477, 478, 479, 480, 481, 482, 483, 484, 485, 486, 487, 488], "rewards": [-3556.2959690862626, -3601.909175179626, -4324.508731513744, -4338.0971779865085, -4490.098417317093, -4477.006318635397, -5275.2079860973045, -5253.565996237073, -5180.099503999148, -5774.435435040538, -5919.732471920366, -6334.771630305406, -6199.301597873899, -6211.699194399787, -6153.376524971588, -6188.821490823175, -6427.691622952892, -6453.007772339652, -6379.058065808462, -6356.657960462833, -6352.684481386257, -6327.830172352928, -6285.171439770592, -6399.896429419923, -6143.761745680257, -6451.919060770493, -6300.024819998036, -6385.535237750152, -6142.873976515523, -6094.700883085218, -6156.173879434065, -5946.379873932083, -5995.884393671686, -6082.0319274874555, -6358.946315093708, -6093.947737234316, -6197.509772566451, -6069.435176275911, -6319.701009854053, -6092.739574718538, -6044.978290792861, -6148.452338820654, -6046.788070631601, -5900.271670127597, -5795.287635770318, -5993.093908100204, -5130.567518092734, -5549.532988437998, -5473.762544264618, -5310.115936756092, -5047.278640147344, -4723.319391950079, -4849.214557798958, -4344.493757037581, -4475.522888170014, -4147.737788522298, -4248.944368786995, -3759.6372207212908, -3752.306435753002, -3753.8031946471215, -3746.091710241686, -3558.948571765138, -3211.1004292922644, -3494.584598172393, -3394.205691365166, -3434.9429295168716, -3217.2760332804346, -3142.668629648367, -3252.530688183653, -3268.929207894941, -2922.8914706027194, -2997.273341182493, -2864.269894272845, -3136.2021817038544, -2847.4552903148647, -2653.3812555383383, -2973.7605849411925, -2758.737488074499, -2872.3718829641853, -2832.8849044780386, -2772.5262138137537, -2623.104756242973, -2775.2214621775847, -2529.031545911223, -2441.188964468277, -2395.3281726843047, -2502.0773658120656, -2577.9949448955563, -2611.2525955417195, -2470.106862320678, -2324.1250814193045, -2444.5147934596343, -2693.122097866715, -2697.2703987937884, -2595.2646456973507, -2752.6720315703374, -2694.6356412668724, -2808.8347288485793, -2816.0368036185296, -2822.518395644228, -2993.3601713618514, -2942.1861680625248, -3097.39494446516, -3040.842402610603, -2820.2930220923654, -2986.66162787982, -2697.9504983867764, -2805.8159480316344, -2881.8159592287516, -2550.139757062036, -2726.3576877259825, -2312.7227774493795, -2515.509713334325, -2568.3439323643743, -2627.8115877923087, -2642.653666045776, -2754.829666296329, -2655.0437308047613, -2826.8562485527736, -2765.781410448647, -2753.129638316291, -2554.0717907508874, -2639.025874742735, -2628.8261584505626, -2558.8246498327226, -2483.740546816801, -2470.010411047186, -2361.5328907642715, -2520.133019036029, -2471.8487563382528, -2781.8100080223553, -2413.7462201090825, -2291.3479389044205, -2229.639924665041, -2597.8045435050467, -2288.9934731575763, -2508.47936318331, -2395.2291317115914, -2385.962163618407, -2599.0029848777817, -2617.410378812271, -2437.9771059382883, -2429.874745201583, -2213.723607450779, -2145.896843098769, -2126.1110624472835, -1934.9730698874719, -2124.9478521980463, -2020.8037791396127, -1998.1238678205198, -1962.7770377649347, -2047.138821828547, -2151.573075869801, -1942.32773949588, -1908.4275489289994, -1779.6641952303278, -1816.7366888833305, -1811.7100173626536, -1845.2474586586645, -1724.221116024226, -1731.3437446972844, -1797.6728338455246, -1670.8992763822553, -1699.3517581834271, -1575.3287228853624, -1567.8416952290913, -1510.0638171724454, -1479.255736773376, -1484.5817352560139, -1440.1466192994067, -1489.9543099455009, -1439.3818993757766, -1443.9468340127446, -1428.5329668842967, -1371.8160758452489, -1388.4862487905739, -1357.1294591246956, -1415.989359594818, -1357.3443625182279, -1461.5655008278834, -1436.0910686237535, -1401.9976137850501, -1464.642206036859, -1426.1071358691938, -1486.6054120333902, -1579.7429559434252, -1568.177429783573, -1537.3396696837008, -1540.0691179188136, -1525.2077154698711, -1481.9904192478991, -1625.627766985654, -1573.6152071426534, -1626.839399817721, -1553.4215861361727, -1648.11058607522, -1555.6125963037316, -1546.8375257873784, -1536.5326712879103, -1501.191154406897, -1647.5060058203148, -1512.9976857669926, -1537.2925478818067, -1414.8354165885735, -1414.1153669723137, -1629.1893567896502, -1359.5217674719859, -1491.6380616105484, -1407.4604754754957, -1483.9789865675837, -1349.5326610090988, -1292.4125865687324, -1362.0179046368798, -1324.3460402126352, -1429.7273021487592, -1398.8914238943532, -1285.8351014757513, -1364.5601423161497, -1418.7734334486977, -1369.4649675708156, -1472.9885163324782, -1452.6766542187502, -1323.8865420989382, -1483.0950611235635, -1455.7133017651322, -1413.758379189476, -1565.4848196025766, -1315.1320862166976, -1399.7570691221406, -1441.5850320859263, -1419.2510358920747, -1386.2118349844627, -1372.5257139031773, -1439.2361764124985, -1418.1748128183326, -1308.2146831885952, -1324.9412309410745, -1265.631182638289, -1311.036245620612, -1286.3488370635616, -1257.5486971482565, -1230.2642885357975, -1186.409478549524, -1242.723376421118, -1250.2563533960579, -1215.6549205266638, -1196.3508321345078, -1231.744019856445, -1198.734798393703, -1252.989794616932, -1204.2855542595667, -1281.1503863773096, -1183.7784123449967, -1237.1455859105583, -1214.9121738149777, -1219.7904500112913, -1218.0274250215134, -1233.896164636666, -1248.755592152192, -1232.9080838570596, -1202.5844326361744, -1243.628327787299, -1247.7714628147214, -1281.2627836952008, -1251.26973753012, -1255.9334420202495, -1264.5291051359472, -1215.3161016457955, -1268.9572982601628, -1242.143050838233, -1257.156170587322, -1259.7562949487933, -1320.472112753521, -1241.2726630797583, 