{"episode": [0, 1, 2, 3, 4, 5, 6, 7, 8, 9, 10, 11, 12, 13, 14, 15, 16, 17, 18, 19], "rewards": [-1181.7022744277738, -1092.2029672299327, -1221.673672575334, -1109.184624819639, -990.835052317099, -1090.9288411277325, -1004.4789605342343, -1025.2254242101808, -1084.478785208336, -985.7609258287845, -970.2790850595615, -380.4348542326062, -388.4805662308403, -385.6606897903926, -370.3794608918669, -397.0755241020146, -344.5865981470544, -366.7648246155485, -329.27224563472475, -348.7608803942894]}