{"episode": [0, 1, 2, 3, 4, 5, 6, 7, 8, 9, 10, 11, 12, 13, 14, 15, 16, 17, 18, 19], "rewards": [-1520.7059671351487, -1650.785930313416, -1581.7250429955689, -1629.5281722655266, -1838.9752341686715, -1645.4371791012413, -2199.3011965761557, -1386.2232836637295, -1191.106705183143, -1040.333218419986, -1002.2589090402656, -1047.034224486543, -963.0509588830452, -1050.677375209179, -1023.7611579328659, -977.1522094412181, -1046.4683665724592, -1037.9484327173664, -1012.910903710787, -987.2582970463202]}