{"episode": [0, 1, 2, 3, 4, 5, 6, 7, 8, 9, 10, 11, 12, 13, 14, 15, 16, 17, 18, 19], "rewards": [-52.824769143791514, -18.23852308091457, -7.825225875866043, -9.479845179503142, -4.621758600397188, -19.341708207623455, -10.66248776598216, -9.448310617444198, -13.83314611257236, -3.699859553642218, -0.05901033529594919, -0.04350025220946202, -0.38775438237105203, -1.7058698737507876, -0.4041781493084276, -1.3365412807013541, -0.31777433622259665, -0.12679247629479984, -2.2517285556060287, -1.5877119658444354]}