{"episode": [0, 1, 2, 3, 4, 5, 6, 7, 8, 9, 10, 11, 12, 13, 14, 15, 16, 17, 18, 19, 20, 21, 22, 23, 24, 25, 26, 27, 28, 29, 30, 31, 32, 33, 34, 35, 36, 37, 38, 39], "rewards": [-63.77245801029583, -45.20215702033301, -59.26115109612997, -64.0711506015217, -76.94174646273713, -282.59518696045745, -1.378759173972428, -0.6243013159896648, -0.1976085889116806, -0.11401024964682209, -0.04857437738143633, -0.024583041247664583, -0.3156731618619518, -0.1218255187219333, -2.9988224739898244, -8.94331495364275, -22.06171249163057, -42.59491418696665, -32.907172509598304, -44.59571885238158, -31.70370094600205, -25.84872502405262, -39.76397703100356, -27.859826312853148, -13.680945795357482, -10.786693071036712, -6.88575485559319, -4.9385105101221844, -4.046583229336977, -2.8487025088435343, -5.698759607937013, -1.8570803991807197, -3.5594855980434668, -7.497767378224542, -4.773121255838463, -22.728057721210327, -11.113760823954063, -14.697409077512612, -13.183347230097961, -11.315401062628231]}