{"episode": [0, 1, 2, 3, 4, 5, 6, 7, 8, 9, 10, 11, 12, 13, 14, 15, 16, 17, 18, 19], "rewards": [-41.18790000307402, -54.53123454924297, -46.2027002852529, -38.97493156062873, -70.01991471792516, -70.73772939659702, -64.8266668898248, -23.794212843486495, -40.64578225676178, -33.81246385409805, -52.520862905860646, -40.863563124473764, -59.597970941883965, -47.40452918322246, 87.94798589021416, 88.8566810854629, 86.68970580421023, 102.8278727800215, 102.57808143104315, 115.52885474220398]}