{"episode": [0, 1, 2, 3, 4, 5, 6, 7, 8, 9, 10, 11, 12, 13, 14, 15, 16, 17, 18, 19], "rewards": [-62.83865683411268, -37.73831161979358, -51.70295316046047, -45.27125528335038, -51.47108607414346, -200.27992653454575, -89.2763486212497, -35.948749871567045, -27.3318655356544, -22.770198240859497, -17.39008516090585, -14.821155153361554, -20.375386817165722, -16.28176275069186, -12.244514132782678, -13.409066778564533, -15.18397723155432, -10.867571190744686, -19.583805258837906, -14.050533772538353]}